USAF,Site Name,State,Latitude,Longitude,Avg hourly ETR in 2005 (Wh/m^2),Avg hourly METSTAT in 2005 (Wh/m^2),rand
722195,FULTON CO ARPT BROW,GA,33.767,-84.517,354.4932648,71.40228311,0.000377897
726835,REDMOND ROBERTS FIELD,OR,44.25,-121.167,312.3589041,51.13082192,0.00175806
725920,REDDING MUNICIPAL ARPT,CA,40.517,-122.317,328.3038813,51.15525114,0.001888371
723525,HOBART MUNICIPAL AP,OK,35,-99.05,349.9868721,59.32043379,0.002012071
725156,ELMIRA CORNING REGIONAL AP,NY,42.167,-76.9,321.3707763,70.36484018,0.00242452
724885,FALLON NAAS,NV,39.417,-118.717,332.8216895,68.98778539,0.002663537
727507,BENSON MUNI,MN,45.317,-95.65,307.6360731,60.39178082,0.003149477
722223,PENSACOLA REGIONAL AP,FL,30.483,-87.183,365.8340183,76.35776256,0.004265079
722899,CHINO AIRPORT,CA,33.967,-117.633,353.7657534,67.24874429,0.004859972
725376,DETROIT WILLOW RUN AP,MI,42.233,-83.533,321.0915525,65.70194064,0.008186439
724636,LAMAR MUNICIPAL,CO,38.067,-102.683,338.2313927,54.02328767,0.008191018
722780,PHOENIX SKY HARBOR INTL AP,AZ,33.45,-111.983,355.6294521,72.10216895,0.008535981
722516,KINGSVILLE,TX,27.5,-97.817,375.2660959,87.41552511,0.009100417
727920,OLYMPIA AIRPORT,WA,46.967,-122.9,300.2061644,62.37648402,0.010189019
722540,AUSTIN MUELLER MUNICIPAL AP [UT],TX,30.29,-97.74,366.4710046,80.93767123,0.010290029
722597,MINERAL WELLS MUNICIPAL AP,TX,32.783,-98.067,357.99121,63.68550228,0.010518888
726575,MINNEAPOLIS/CRYSTAL,MN,45.067,-93.35,308.7504566,61.85022831,0.010869824
722085,BEAUFORT MCAS,SC,32.483,-80.717,359.040411,82.22340183,0.011277144
724459,KAISER MEM (AWOS),MO,38.1,-92.55,338.0989726,63.87157534,0.011621895
724380,INDIANAPOLIS INTL AP,IN,39.717,-86.267,331.5974886,73.90525114,0.012327294
727477,ROSEAU MUNI (AWOS),MN,48.85,-95.7,291.5561644,55.92876712,0.013046729
726380,HOUGHTON LAKE ROSCOMMON CO AR,MI,44.367,-84.683,311.840411,59.87568493,0.01435502
725805,LOVELOCK DERBY FIELD,NV,40.067,-118.55,330.1682648,47.07431507,0.014557875
724640,PUEBLO MEMORIAL AP,CO,38.283,-104.5,337.3743151,52.01472603,0.015113382
723448,BATESVILLE (AWOS),AR,35.733,-91.65,347.2454338,67.92226027,0.015976093
723865,NELLIS AFB,NV,36.25,-115.033,345.2938356,65.36974886,0.01615012
727478,HALLOCK,MN,48.783,-96.95,291.8622146,56.84748858,0.01698895
726586,FAIRMONT MUNI(AWOS),MN,43.65,-94.417,314.9808219,61.11015982,0.018834437
722563,MC GREGOR (AWOS),TX,31.483,-97.317,362.4898402,63.07842466,0.019061341
722686,CLOVIS CANNON AFB,NM,34.383,-103.317,352.2603881,70.32146119,0.019106815
723656,SATA FE COUNTY MUNICIPAL AP,NM,35.617,-106.083,347.6802511,45.7283105,0.019979445
725067,BARNSTABLE MUNI BOA,MA,41.667,-70.283,323.491895,61.07625571,0.024499739
724675,EAGLE COUNTY AP,CO,39.65,-106.917,331.8692922,48.36563927,0.024909569
726185,AUGUSTA AIRPORT,ME,44.317,-69.8,312.0678082,55.3826484,0.025126492
725036,POUGHKEEPSIE DUTCHESS CO AP,NY,41.633,-73.883,323.6348174,67.68938356,0.026546969
725020,NEWARK INTERNATIONAL ARPT,NJ,40.717,-74.183,327.473516,74.64543379,0.026737368
726165,DILLANT HOPKINS,NH,42.9,-72.267,318.2293379,65.5760274,0.028863595
724767,CORTEZ/MONTEZUMA CO,CO,37.3,-108.633,341.2446347,46.018379,0.029040931
722310,NEW ORLEANS INTL ARPT,LA,30,-90.25,367.4142694,88.75468037,0.029560646
723143,SOUTHERN PINES AWOS,NC,35.233,-79.4,349.1246575,64.20456621,0.029565633
723830,SANDBERG,CA,34.75,-118.717,350.9094749,45.5543379,0.032873643
726686,PIERRE MUNICIPAL AP,SD,44.383,-100.283,311.7748858,54.62180365,0.033394567
727458,GRAND RAPIDS(AWOS),MN,47.217,-93.517,299.0666667,58.25901826,0.033402093
724014,DINWIDDIE CO,VA,37.183,-77.517,341.697032,67.62853881,0.033750789
723535,VANCE AFB,OK,36.333,-97.917,344.9734018,74.09680365,0.034560481
727720,HELENA REGIONAL AIRPORT,MT,46.6,-111.967,301.8731735,53.52020548,0.038744587
727459,ELY MUNI,MN,47.817,-91.833,296.3191781,56.89748858,0.039277473
723270,NASHVILLE INTERNATIONAL AP,TN,36.117,-86.683,345.7920091,80.35673516,0.039637521
723170,GREENSBORO PIEDMONT TRIAD INT,NC,36.1,-79.95,345.8634703,75.58858447,0.041349063
722555,PALACIOS MUNICIPAL AP,TX,28.717,-96.25,371.5179224,60.27180365,0.042082495
722650,MIDLAND INTERNATIONAL AP,TX,31.95,-102.183,360.8857306,55.26609589,0.042151814
722280,BIRMINGHAM MUNICIPAL AP,AL,33.567,-86.75,355.2100457,78.93858447,0.047727743
747685,GULFPORT BILOXI INT,MS,30.4,-89.067,366.1060502,75.66392694,0.048253606
727938,TACOMA NARROWS,WA,47.267,-122.583,298.8430365,60.56187215,0.048996516
722055,OCALA MUNI (AWOS),FL,29.167,-82.217,370.1057078,78.106621,0.051322673
723013,WILMINGTON INTERNATIONAL ARPT,NC,34.267,-77.9,352.6793379,71.46598174,0.05237258
725117,WASHINGTON (AWOS),PA,40.133,-80.283,329.8860731,72.03344749,0.054457487
725118,HARRISBURG CAPITAL CITY ARPT,PA,40.217,-76.85,329.5393836,67.8326484,0.060354353
727855,FAIRCHILD AFB,WA,47.633,-117.65,297.1667808,65.68287671,0.061327036
724755,CEDAR CITY MUNICIPAL AP,UT,37.7,-113.1,339.6751142,48.13869863,0.062535972
723740,WINSLOW MUNICIPAL AP,AZ,35.033,-110.717,349.8628995,44.62043379,0.065240885
726988,THE DALLES MUNICIPAL ARPT,WA,45.617,-121.15,306.2949772,51.57203196,0.0668585
723100,COLUMBIA METRO ARPT,SC,33.95,-81.117,353.8328767,80.66278539,0.067321498
722970,LONG BEACH DAUGHERTY FLD,CA,33.833,-118.167,354.2538813,71.14121005,0.067869777
723747,SHOW LOW MUNICIPAL,AZ,34.267,-110,352.6792237,49.42340183,0.069626062
725477,DENISON,IA,41.983,-95.383,322.1534247,62.54703196,0.071963087
724940,SAN FRANCISCO INTL AP,CA,37.617,-122.4,339.998516,76.07385845,0.072495561
722025,FORT LAUDERDALE HOLLYWOOD INT,FL,26.067,-80.15,379.4905251,92.79531963,0.076484027
725515,BEATRICE MUNICIPAL,NE,40.3,-96.75,329.2019406,62.20525114,0.076810885
725474,CRESTON,IA,41.017,-94.367,326.2293379,64.90673516,0.077878249
725336,DELAWARE CO JOHNSON,IN,40.233,-85.4,329.4780822,68.12009132,0.07805075
724645,TRINIDAD LAS ANIMAS COUNTY AP,CO,37.267,-104.333,341.3711187,46.20753425,0.078743825
725500,OMAHA EPPLEY AIRFIELD,NE,41.317,-95.9,324.9674658,65.39429224,0.078791984
725025,TETERBORO AIRPORT,NJ,40.85,-74.067,326.9234018,69.3053653,0.080338555
724490,ST JOSEPH ROSECRANS MEMORIAL,MO,39.767,-94.9,331.3900685,62.92328767,0.0825577
727415,RHINELANDER ONEIDA,WI,45.633,-89.467,306.2251142,56.53515982,0.083003951
722267,TROY AF,AL,31.867,-86.017,361.1761416,81.45513699,0.083893912
722406,HOUMA-TERREBONNE,LA,29.567,-90.667,368.8170091,89.0966895,0.08455175
690230,WHIDBEY ISLAND NAS,WA,48.35,-122.667,293.8651826,72.79988584,0.086713176
725556,AINSWORTH MUNICIPAL,NE,42.583,-100,319.5947489,52.31689498,0.086987826
726574,MARSHFIELD MUNI,WI,44.633,-90.183,310.6727169,61.28858447,0.088657098
726464,WATERTOWN,WI,43.167,-88.717,317.0780822,63.25422374,0.089167192
725340,CHICAGO MIDWAY AP,IL,41.783,-87.75,323.0039954,75.95388128,0.090485585
725865,HAILEY/FRIEDMAN MEM,ID,43.5,-114.3,315.6381279,63.893379,0.091154756
726458,STURGEON BAY,WI,44.85,-87.417,309.7125571,55.5260274,0.091313139
723630,AMARILLO INTERNATIONAL AP [CANYON - UT],TX,34.99,-101.9,350.0208904,70.73436073,0.094624394
724556,EMPORIA MUNICIPAL AP,KS,38.333,-96.183,337.173516,60.03413242,0.09551445
723120,GREER GREENV'L-SPARTANBRG AP,SC,34.9,-82.217,350.3571918,69.28652968,0.095592449
722429,HOUSTON/D.W. HOOKS,TX,30.067,-95.55,367.1978311,74.94771689,0.098067396
727815,STAMPEDE PASS,WA,47.283,-121.333,298.765411,53.16598174,0.099562494
726565,MORRIS MUNI (AWOS),MN,45.567,-95.967,306.5222603,59.7347032,0.100286195
723663,TAOS MUNI APT(AWOS),NM,36.45,-105.667,344.5245434,44.85376712,0.100822643
727730,MISSOULA INTERNATIONAL AP,MT,46.917,-114.1,300.4368721,52.79372146,0.106321603
747900,SUMTER SHAW AFB,SC,33.967,-80.467,353.7714612,83.59520548,0.106442409
726785,BUTTE BERT MOONEY ARPT,MT,45.95,-112.5,304.8041096,54.36267123,0.106508747
725290,ROCHESTER GREATER ROCHESTER I,NY,43.117,-77.683,317.2984018,69.91917808,0.107010007
725976,LAKEVIEW (AWOS),OR,42.167,-120.4,321.3737443,51.21061644,0.108477837
722230,MOBILE REGIONAL AP,AL,30.683,-88.25,365.1700913,84.34417808,0.108527457
725465,OTTUMWA INDUSTRIAL AP,IA,41.1,-92.45,325.8771689,62.87009132,0.108547508
722045,VERO BEACH MUNICIPAL ARPT,FL,27.65,-80.417,374.8158676,81.1586758,0.109608766
722587,COX FLD,TX,33.633,-95.45,354.9738584,59.94783105,0.110445307
722340,MERIDIAN KEY FIELD,MS,32.333,-88.75,359.563242,73.19771689,0.115888216
725103,READING SPAATZ FIELD,PA,40.367,-75.967,328.9239726,68.70456621,0.116342335
724110,ROANOKE REGIONAL AP,VA,37.317,-79.967,341.1765982,79.20490868,0.116411239
725475,MONTICELLO MUNI,IA,42.233,-91.167,321.0874429,66.22431507,0.116777631
745700,DAYTON WRIGHT PATTERSON AFB,OH,39.833,-84.05,331.1160959,78.43139269,0.118535149
724565,TOPEKA FORBES FIELD,KS,38.95,-95.667,334.7083333,62.91712329,0.119277915
724120,BECKLEY RALEIGH CO MEM AP,WV,37.8,-81.117,339.2836758,69.92625571,0.120011509
747020,LEMOORE REEVES NAS,CA,36.333,-119.95,344.9754566,68.47945205,0.120201891
722544,CAMP MABRY,TX,30.317,-97.767,366.3802511,65.62614155,0.120852047
723447,FLIPPIN (AWOS),AR,36.3,-92.467,345.0956621,68.44440639,0.1208687
722250,FORT BENNING LAWSON,GA,32.35,-85,359.508105,86.95673516,0.121523901
727976,BELLINGHAM INTL AP,WA,48.8,-122.533,291.785274,57.7173516,0.123388513
727437,IRON MOUNTAIN/FORD,MI,45.817,-88.117,305.3994292,58.41495434,0.123917114
726917,NORTH BEND MUNI AIRPORT,OR,43.417,-124.25,315.9976027,58.98458904,0.124269039
723896,VISALIA MUNI (AWOS),CA,36.317,-119.4,345.0336758,53.39703196,0.124391742
727827,MOSES LAKE GRANT COUNTY AP,WA,47.2,-119.317,299.1434932,47.95205479,0.125262603
723440,FORT SMITH REGIONAL AP,AR,35.333,-94.367,348.7479452,65.34006849,0.125997164
747880,MACDILL AFB,FL,27.85,-82.517,374.2063927,89.28835616,0.126502473
725479,CLARINDA,IA,40.717,-95.033,327.4791096,62.24657534,0.127527506
722316,NEW ORLEANS ALVIN CALLENDER F,LA,29.817,-90.017,368.0166667,87.75251142,0.130338008
724880,RENO TAHOE INTERNATIONAL AP,NV,39.483,-119.767,332.5495434,65.20308219,0.130649957
726884,LA GRANDE MUNI AP,OR,45.283,-118,307.7885845,53.67716895,0.130952185
722103,ST LUCIE CO INTL,FL,27.483,-80.367,375.3163242,85.82671233,0.13141104
724026,MELFA/ACCOMACK ARPT,VA,37.65,-75.767,339.8703196,66.7989726,0.13155818
724396,QUINCY MUNI BALDWIN FLD,IL,39.933,-91.2,330.7100457,65.33276256,0.134126811
723446,HARRISON FAA AP,AR,36.267,-93.15,345.221347,68.33938356,0.134228071
726569,HUTCHINSON (AWOS),MN,44.867,-94.383,309.6371005,62.78721461,0.137015085
722547,GEORGETOWN (AWOS),TX,30.683,-97.683,365.1686073,64.4706621,0.137068268
723926,CAMARILLO (AWOS),CA,34.217,-119.083,352.865411,59.18778539,0.137076877
725374,ANN ARBOR MUNICIPAL,MI,42.217,-83.75,321.1608447,66.04726027,0.138866233
722598,DALLAS/ADDISON ARPT,TX,32.967,-96.833,357.3402968,80.85239726,0.138926981
722523,SAN ANTONIO/STINSON,TX,29.333,-98.467,369.5714612,70.74098174,0.140418006
722314,NEW IBERIA NAAS,LA,30.033,-91.883,367.3071918,76.375,0.14243383
725170,ALLENTOWN LEHIGH VALLEY INTL,PA,40.65,-75.45,327.752968,68.88002283,0.144361783
725457,ALGONA,IA,43.083,-94.267,317.4447489,62.22751142,0.145433604
725487,MUSCATINE,IA,41.367,-91.15,324.7541096,67.81449772,0.145866308
747910,MYRTLE BEACH AFB,SC,33.683,-78.933,354.7958904,78.48504566,0.148538678
722535,SAN ANTONIO KELLY FIELD AFB,TX,29.383,-98.583,369.4098174,84.92522831,0.149849505
725305,W. CHICAGO/DU PAGE,IL,41.917,-88.25,322.4366438,66.5652968,0.14999959
726590,ABERDEEN REGIONAL ARPT,SD,45.45,-98.417,307.0461187,56.8216895,0.150392753
722695,LAS CRUCES INTL,NM,32.283,-106.917,359.738242,53.43915525,0.151523773
722284,AUBURN-OPELIKA APT,AL,32.616,-85.433,358.5797945,72.14805936,0.152531646
723449,ROGERS (AWOS),AR,36.367,-94.1,344.8416667,64.06940639,0.153517263
722010,KEY WEST INTL ARPT,FL,24.55,-81.75,383.7389269,76.14554795,0.155562752
724506,HUTCHINSON MUNICIPAL AP,KS,38.067,-97.867,338.2317352,59.31210046,0.156234625
726776,LEWISTOWN MUNICIPAL ARPT,MT,47.05,-109.45,299.8291096,49.39977169,0.156357246
726455,MANITOWAC MUNI AWOS,WI,44.133,-87.683,312.8722603,60.01004566,0.15643595
727566,AUSTIN MUNI,MN,43.667,-92.933,314.9115297,62.67271689,0.156446411
726463,WAUSAU MUNICIPAL ARPT,WI,44.917,-89.633,309.4160959,59.50787671,0.16248049
726620,RAPID CITY REGIONAL ARPT,SD,44.05,-103.05,313.2365297,51.78835616,0.16609049
725494,RED OAK,IA,41.017,-95.267,326.225,65.82488584,0.167434682
724125,BLUEFIELD/MERCER CO [NREL],WV,37.27,-81.24,341.3586758,66.59520548,0.169831982
726060,PORTLAND INTL JETPORT,ME,43.65,-70.3,314.9825342,56.94018265,0.170092488
722595,FORT WORTH NAS,TX,32.767,-97.45,358.0509132,77.93184932,0.170523165
725745,RAWLINS MUNICIPAL AP,WY,41.8,-107.2,322.9334475,47.17728311,0.172663517
724505,MCCONNELL AFB,KS,37.617,-97.267,340.0055936,78.17477169,0.173977732
722470,LONGVIEW GREGG COUNTY AP [OVERTON - UT],TX,32.29,-94.98,359.7124429,67.24851598,0.17466652
727680,GLASGOW INTL ARPT,MT,48.217,-106.617,294.4805936,49.95810502,0.175491599
725075,NORTH ADAMS,MA,42.7,-73.167,319.0891553,64.88869863,0.176582811
724070,ATLANTIC CITY INTL AP,NJ,39.45,-74.567,332.6823059,64.50216895,0.17678541
725636,CHADRON MUNICIPAL AP,NE,42.833,-103.083,318.5228311,48.94326484,0.177023318
722577,DRAUGHON MILLER CEN,TX,31.15,-97.4,363.6103881,65.58618721,0.178060408
725384,ST.CLAIR COUNTY INT,MI,42.917,-82.533,318.1574201,64.71358447,0.178067677
726557,ALEXANDRIA MUNICIPAL AP,MN,45.883,-95.4,305.1084475,57.18321918,0.178551303
726390,ALPENA COUNTY REGIONAL AP,MI,45.067,-83.583,308.7486301,59.80068493,0.178770655
722745,DAVIS MONTHAN AFB,AZ,32.167,-110.883,360.1409817,68.8097032,0.180318842
747804,HUNTER AAF,GA,32,-81.15,360.7141553,86.89200913,0.180609034
722015,KEY WEST NAS,FL,24.583,-81.683,383.6545662,84.76643836,0.182472561
724695,AURORA BUCKLEY FIELD ANGB,CO,39.717,-104.75,331.5980594,73.47648402,0.182538502
724045,SALISBURY WICOMICO CO AP,MD,38.333,-75.517,337.1744292,67.74840183,0.182720363
724115,HOT SPRINGS/INGALLS,VA,37.95,-79.833,338.6938356,63.99326484,0.188631134
725165,RUTLAND STATE,VT,43.517,-72.95,315.563242,61.12648402,0.188908074
724055,LEESBURG/GODFREY,VA,39.083,-77.567,334.1684932,62.64360731,0.190949633
724800,BISHOP AIRPORT,CA,37.367,-118.35,340.9793379,40.90136986,0.191801907
722430,HOUSTON BUSH INTERCONTINENTAL,TX,30,-95.367,367.4222603,90.28070776,0.19474497
747915,NORTH MYRTLE BEACH GRAND STRA,SC,33.817,-78.717,354.3105023,68.82363014,0.195452437
725473,CLINTON MUNI (AWOS),IA,41.833,-90.333,322.7892694,65.61073059,0.195912772
723306,COLUMBUS AFB,MS,33.65,-88.45,354.9091324,84.06118721,0.196251868
727347,PELLSTON EMMET COUNTY AP,MI,45.567,-84.783,306.5190639,57.30296804,0.196480105
724945,SAN JOSE INTL AP,CA,37.367,-121.933,340.9812785,72.63253425,0.197509011
722615,DEL RIO LAUGHLIN AFB,TX,29.367,-100.783,369.4622146,78.931621,0.198053593
747770,VALPARAISO HURLBURT,FL,30.417,-86.683,366.0495434,85.12716895,0.1990051
726930,EUGENE MAHLON SWEET ARPT [UO],OR,44.05,-123.07,313.235274,56.01883562,0.199363991
742060,TACOMA MCCHORD AFB,WA,47.15,-122.483,299.3737443,71.19600457,0.200805136
726576,WILLMAR,MN,45.117,-95.083,308.5248858,60.70468037,0.203094491
725776,JACKSON HOLE,WY,43.6,-110.733,315.203653,55.17716895,0.204573306
727670,WILLISTON SLOULIN INTL AP,ND,48.2,-103.65,294.5605023,53.7696347,0.20543502
725744,ROCK SPRINGS ARPT [GREEN RIVER - UO],WY,41.46,-109.44,324.3696347,46.49965753,0.206285088
722356,GREENVILLE MUNICIPAL,MS,33.483,-90.983,355.5075342,70.56312785,0.20853431
725070,PROVIDENCE T F GREEN STATE AR,RI,41.717,-71.433,323.283105,73.34372146,0.209719722
723300,POPLAR BLUFF(AMOS),MO,36.767,-90.467,343.3140411,65.17888128,0.210554204
724240,FORT KNOX GODMAN AAF,KY,37.9,-85.967,338.884589,78.46940639,0.210604789
726815,MOUNTAIN HOME AFB,ID,43.05,-115.867,317.5881279,63.66221461,0.211611692
725496,STORM LAKE,IA,42.6,-95.233,319.5237443,61.1760274,0.211890731
725370,DETROIT METROPOLITAN ARPT,MI,42.217,-83.35,321.158105,72.98333333,0.21421064
725786,MALAD CITY,ID,42.15,-112.283,321.4444064,70.72888128,0.21621241
725366,FINDLAY AIRPORT,OH,41.017,-83.667,326.221347,68.63824201,0.216704211
724585,RUSSELL MUNICIPAL AP,KS,38.883,-98.817,334.9785388,57.83401826,0.217115014
725825,ELKO MUNICIPAL ARPT,NV,40.833,-115.8,326.9915525,49.12374429,0.217334669
725895,KLAMATH FALLS INTL AP [UO],OR,42.22,-121.74,321.15,64.44920091,0.219367976
724467,WHITEMAN AFB,MO,38.717,-93.55,335.6453196,74.42979452,0.219631026
746120,CHINA LAKE NAF,CA,35.683,-117.683,347.4366438,57.7010274,0.220926921
724504,WICHITA/COL. JABARA,KS,37.75,-97.217,339.4810502,60.48949772,0.22108568
725628,BREWSTER FIELD ARPT,NE,40.45,-99.333,328.5842466,57.62100457,0.222239536
722104,ST PETERSBURG ALBERT WHITTED,FL,27.767,-82.633,374.4561644,73.93778539,0.224714845
722869,RIVERSIDE MUNI,CA,33.95,-117.45,353.8312785,59.33847032,0.225510677
723066,GOLDSBORO SEYMOUR JOHNSON AFB,NC,35.35,-77.967,348.6841324,82.73812785,0.226274029
725765,RIVERTON MUNICIPL AP,WY,43.05,-108.45,317.5898402,46.05262557,0.226710098
747320,HOLLOMAN AFB,NM,32.85,-106.1,357.7555936,71.09394977,0.228624562
725200,PITTSBURGH INTERNATIONAL AP,PA,40.5,-80.233,328.3712329,75.70490868,0.228801864
722329,PATTERSON MEMORIAL,LA,29.717,-91.333,368.3341324,77.31369863,0.231959924
725866,JOSLIN FLD MAGIC VA [TWIN FALLS - UO],ID,42.55,-114.35,319.738242,47.59212329,0.232061432
725527,TEKAMAH (ASOS),NE,41.767,-96.167,323.0696347,63.15376712,0.233133318
726770,BILLINGS LOGAN INT'L ARPT,MT,45.8,-108.55,305.4742009,65.45091324,0.23359785
722270,MARIETTA DOBBINS AFB,GA,33.917,-84.517,353.9555936,83.56015982,0.234258575
722560,WACO REGIONAL AP,TX,31.617,-97.233,362.027968,66.93778539,0.234269362
722484,SHREVEPORT DOWNTOWN,LA,32.533,-93.75,358.86621,69.82465753,0.237096931
725347,CHICAGO/WAUKEGAN,IL,42.417,-87.867,320.3069635,64.24440639,0.237708677
727825,WENATCHEE/PANGBORN,WA,47.4,-120.2,298.2334475,50.6303653,0.239510791
724177,MARTINSBURG EASTERN WV REG AP,WV,39.4,-77.983,332.8877854,68.35890411,0.240198612
744860,NEW YORK J F KENNEDY INT'L AR,NY,40.65,-73.8,327.7518265,75.70091324,0.24041954
726223,MASSENA AP,NY,44.933,-74.85,309.3416667,57.40787671,0.243243143
725520,GRAND ISLAND CENTRAL NE REGIO,NE,40.967,-98.317,326.4311644,59.09726027,0.246391975
725180,ALBANY COUNTY AP,NY,42.75,-73.8,318.8751142,60.21358447,0.246421805
725030,NEW YORK LAGUARDIA ARPT,NY,40.783,-73.883,327.2021689,74.07773973,0.24746123
725326,STERLING ROCKFALLS,IL,41.75,-89.667,323.1450913,66.22020548,0.248064428
725125,DUBOIS FAA AP,PA,41.183,-78.9,325.5267123,64.15605023,0.248340505
725530,OMAHA WSFO,NE,41.367,-96.017,324.7599315,63.52180365,0.248451999
722505,HARLINGEN RIO GRANDE VALLEY I,TX,26.233,-97.65,379.0155251,80.72465753,0.249416427
726563,FARIBAULT MUNI AWOS,MN,44.333,-93.317,311.994863,62.86175799,0.251294615
724515,GARDEN CITY MUNICIPAL AP,KS,37.933,-100.717,338.7574201,54.20890411,0.253488023
725054,PAWTUCKET (AWOS),RI,41.917,-71.5,322.438242,64.43675799,0.254367253
723068,ROCKY MOUNT WILSON,NC,35.85,-77.9,346.8050228,67.08949772,0.254714882
725946,CRESCENT CITY FAA AI,CA,41.783,-124.233,323.0058219,54.89429224,0.255801891
725260,ERIE INTERNATIONAL AP,PA,42.083,-80.183,321.7315068,64.64965753,0.256236098
726375,OAKLAND CO INTL,MI,42.667,-83.417,319.234589,73.59486301,0.257235584
723544,OKLAHOMA CITY/WILEY,OK,35.533,-97.65,348.0023973,62.10799087,0.259110809
726055,PEASE INTL TRADEPOR,NH,43.083,-70.817,317.440411,71.60627854,0.259999214
723060,RALEIGH DURHAM INTERNATIONAL,NC,35.867,-78.783,346.7378995,82.92796804,0.260954981
727440,HANCOCK HOUGHTON CO AP,MI,47.167,-88.5,299.2942922,54.19554795,0.261918299
724060,BALTIMORE BLT-WASHNGTN INT'L,MD,39.167,-76.683,333.8303653,76.02636986,0.263421829
742300,MILES CITY MUNICIPAL ARPT,MT,46.433,-105.883,302.6257991,48.19200913,0.263686178
724056,MARION / WYTHEVILLE,VA,36.9,-81.35,342.7916667,73.15981735,0.26426135
725128,STATE COLLEGE [PENN STATE - SURFRAD],PA,40.72,-77.93,327.4626712,62.9793379,0.264331049
743920,NAVAL AIR STATION,ME,43.9,-69.933,313.8884703,63.60958904,0.265213489
725058,BLOCK ISLAND STATE ARPT,RI,41.167,-71.583,325.5966895,60.92271689,0.265606785
723890,FRESNO YOSEMITE INTL AP,CA,36.783,-119.717,343.2482877,74.8956621,0.265874728
725970,MEDFORD ROGUE VALLEY INTL AP [ASHLAND - UO],OR,42.19,-122.7,321.2787671,58.82648402,0.267338064
725463,CHARLES CITY,IA,43.067,-92.617,317.5133562,63.73481735,0.268739627
726457,APPLETON/OUTAGAMIE,WI,44.25,-88.517,312.3593607,75.12100457,0.269899542
722500,BROWNSVILLE S PADRE ISL INTL,TX,25.9,-97.433,379.9745434,81.66609589,0.270007233
727930,SEATTLE SEATTLE-TACOMA INTL A,WA,47.467,-122.317,297.9244292,68.68047945,0.270210314
727846,WALLA WALLA CITY COUNTY AP,WA,46.1,-118.283,304.1303653,50.70913242,0.270277552
723340,MEMPHIS INTERNATIONAL AP,TN,35.067,-89.983,349.7328767,81.01461187,0.272605078
726525,CHAN GURNEY MUNI,SD,42.917,-97.383,318.1608447,58.78995434,0.273177482
724839,SACRAMENTO METROPOLITAN AP,CA,38.7,-121.583,335.7133562,57.11347032,0.273703619
725246,MANSFIELD LAHM MUNICIPAL ARPT,OH,40.817,-82.517,327.0560502,66.7946347,0.273902786
722656,WINK WINKLER COUNTY AP,TX,31.783,-103.2,361.4608447,52.50936073,0.276070254
722068,JACKSONVILLE/CRAIG,FL,30.333,-81.517,366.3283105,75.70593607,0.279623031
722038,NAPLES MUNICIPAL,FL,26.15,-81.767,379.2543379,83.88995434,0.281533893
722510,CORPUS CHRISTI INTL ARPT [UT],TX,27.88,-97.63,374.1119863,80.90947489,0.283831059
727555,THIEF RIVER(AWOS),MN,48.067,-96.183,295.1706621,57.24429224,0.285260703
723067,KINSTON STALLINGS AFB,NC,35.317,-77.633,348.8083333,69.05833333,0.287023361
725378,HOWELL,MI,42.633,-83.983,319.3796804,66.29257991,0.287860066
725316,DECATUR,IL,39.833,-88.867,331.121347,65.49212329,0.288916701
722480,SHREVEPORT REGIONAL ARPT,LA,32.45,-93.817,359.1568493,78.84246575,0.291240368
744865,WESTHAMPTON GABRESKI AP,NY,40.85,-72.633,326.9214612,64.97808219,0.291597875
724930,OAKLAND METROPOLITAN ARPT,CA,37.717,-122.217,339.6142694,72.56438356,0.293802426
724280,COLUMBUS PORT COLUMBUS INTL A,OH,39.983,-82.883,330.5035388,76.79041096,0.293940618
727934,RENTON MUNI,WA,47.483,-122.217,297.8546804,57.33207763,0.293987688
722448,TYLER/POUNDS FLD,TX,32.35,-95.4,359.5020548,66.57454338,0.294679353
744904,LAWRENCE MUNI,MA,42.717,-71.117,319.0156393,61.08059361,0.295341335
724220,LEXINGTON BLUEGRASS AP,KY,38.033,-84.6,338.35879,68.91312785,0.295916515
726170,BURLINGTON INTERNATIONAL AP,VT,44.467,-73.15,311.4009132,67.30856164,0.295919919
726360,MUSKEGON COUNTY ARPT,MI,43.167,-86.233,317.0771689,67.06415525,0.296236528
722486,MONROE REGIONAL AP,LA,32.517,-92.033,358.9216895,69.30730594,0.296579884
725469,CHARITON,IA,41.033,-93.367,326.1561644,63.42751142,0.29662523
745160,TRAVIS FIELD AFB,CA,38.267,-121.933,337.4401826,69.26232877,0.296822583
724375,MONROE CO,IN,39.133,-86.617,333.9655251,66.54006849,0.297899472
725046,GROTON NEW LONDON AP,CT,41.333,-72.05,324.9022831,63.7696347,0.298407172
723307,GOLDEN TRI(AWOS),MS,33.45,-88.583,355.6304795,66.18926941,0.301120293
725755,OGDEN HILL AFB,UT,41.117,-111.967,325.8053653,69.21449772,0.301618347
726116,LEBANON MUNICIPAL,NH,43.633,-72.3,315.0627854,61.87636986,0.302621027
724094,CALDWELL/ESSEX CO.,NJ,40.883,-74.283,326.7805936,68.09771689,0.30364223
724033,SHANNON ARPT,VA,38.267,-77.45,337.4360731,65.03961187,0.304009805
727450,DULUTH INTERNATIONAL ARPT,MN,46.833,-92.217,300.8156393,58.84189498,0.304099292
727135,WISCASSET,ME,43.967,-69.717,313.5997717,55.71324201,0.304575528
725377,MOUNT CLEMENS SELFRIDGE FLD,MI,42.617,-82.833,319.4515982,75.5630137,0.304771523
725430,ROCKFORD GREATER ROCKFORD AP,IL,42.2,-89.1,321.2341324,71.88333333,0.305402565
723546,PONCA CITY MUNICIPAL AP [SGP - ARM],OK,36.61,-97.49,343.9097032,55.16803653,0.306504766
724037,DAVISON AAF,VA,38.717,-77.183,335.6380137,80.77945205,0.307862254
727475,MORA MUNI (AWOS),MN,45.883,-93.267,305.1034247,61.70273973,0.308222943
726435,EAU CLAIRE COUNTY AP,WI,44.867,-91.483,309.6373288,60.0783105,0.308809855
726798,LIVINGSTON MISSION FIELD,MT,45.7,-110.45,305.9230594,51.44600457,0.311882874
724036,MANASSAS MUNI(AWOS),VA,38.717,-77.517,335.6388128,58.95136986,0.312234018
725035,ISLIP LONG ISL MACARTHUR AP,NY,40.783,-73.1,327.2030822,72.81586758,0.312370201
724397,CENTRAL ILLINOIS RG,IL,40.467,-88.917,328.5105023,65.23378995,0.313154014
744910,CHICOPEE FALLS WESTO,MA,42.2,-72.533,321.2278539,76.63869863,0.313228888
722524,ROCKPORT/ARANSAS CO,TX,28.083,-97.05,373.4898402,69.14908676,0.315238408
724560,TOPEKA MUNICIPAL AP,KS,39.067,-95.633,334.2339041,63.25091324,0.315354632
726370,FLINT BISHOP INTL ARPT,MI,42.967,-83.75,317.9474886,72.16815068,0.315486656
725483,FORT MADISON,IA,40.667,-91.333,327.6810502,63.70856164,0.317402873
723527,GAGE AIRPORT,OK,36.3,-99.767,345.0947489,54.57922374,0.318522599
722115,SARASOTA BRADENTON,FL,27.383,-82.55,375.6238584,78.68424658,0.31936563
723526,CLINTON-SHERMAN,OK,35.333,-99.2,348.744863,58.76803653,0.319692008
725320,PEORIA GREATER PEORIA AP,IL,40.667,-89.683,327.6839041,66.42636986,0.3214366
724345,ST LOUIS SPIRIT OF ST LOUIS A,MO,38.65,-90.65,335.9079909,66.60079909,0.324153331
722747,SAFFORD (AMOS),AZ,32.817,-109.683,357.8710046,39.78196347,0.324159144
724673,LEADVILLE/LAKE CO.,CO,39.217,-106.317,333.6226027,52.0293379,0.324880083
727885,WILLIAM R FAIRCHILD,WA,48.117,-123.5,294.9422374,55.03025114,0.325763748
726480,ESCANABA (AWOS),MI,45.75,-87.033,305.6996575,53.63664384,0.32616363
722446,LUFKIN ANGELINA CO,TX,31.233,-94.75,363.3323059,73.46700913,0.326881777
725467,SHENANDOAH MUNI,IA,40.75,-95.417,327.3364155,65.60091324,0.327831612
725116,LANCASTER,PA,40.117,-76.3,329.9563927,67.94486301,0.328079588
723816,LANCASTER GEN WM FOX FIELD,CA,34.733,-118.217,350.9752283,46.61449772,0.329240709
724665,LIMON,CO,39.183,-103.717,333.7641553,53.9097032,0.329454609
725570,SIOUX CITY SIOUX GATEWAY AP,IA,42.383,-96.383,320.4495434,60.85799087,0.332638854
722740,TUCSON INTERNATIONAL AP,AZ,32.133,-110.95,360.2558219,44.88196347,0.335289915
724175,HARRISON MARION RGN,WV,39.283,-80.233,333.3579909,70.65616438,0.336922478
727687,SIDNEY-RICHLAND,MT,47.7,-104.2,296.8603881,55.40479452,0.337811907
726155,LACONIA MUNI (AWOS),NH,43.567,-71.417,315.3471461,57.36267123,0.338584908
725300,CHICAGO OHARE INTL AP,IL,41.983,-87.917,322.1578767,75.10719178,0.338710886
725240,CLEVELAND HOPKINS INTL AP,OH,41.4,-81.85,324.6210046,74.00913242,0.339487473
722670,LUBBOCK INTERNATIONAL AP,TX,33.667,-101.817,354.853653,72.42420091,0.339563939
723095,NEW BERN CRAVEN CO REGL AP,NC,35.067,-77.05,349.7364155,71.06586758,0.339717927
723940,SANTA MARIA PUBLIC ARPT,CA,34.917,-120.467,350.2958904,64.76723744,0.341275312
724095,TRENTON MERCER COUNTY AP,NJ,40.283,-74.817,329.2732877,68.12283105,0.342419812
722160,ALBANY DOUGHERTY COUNTY AP,GA,31.533,-84.183,362.3121005,75.32134703,0.344076113
725454,WASHINGTON,IA,41.283,-91.667,325.1114155,64.30273973,0.344386468
725064,PLYMOUTH MUNICIPAL,MA,41.917,-70.733,322.4356164,61.36849315,0.344573007
722976,FULLERTON MUNICIPAL,CA,33.867,-117.983,354.1305936,65.24155251,0.344816599
746930,FORT BRAGG SIMMONS AAF,NC,35.133,-78.933,349.4924658,81.54611872,0.34607197
726559,MARSHALL/RYAN(AWOS),MN,44.45,-95.817,311.4821918,58.29166667,0.346726905
725478,WEBSTER CITY,IA,42.433,-93.867,320.2374429,62.57488584,0.346759455
722926,CAMP PENDLETON MCAS,CA,33.3,-117.35,356.1603881,76.71438356,0.347022283
727856,FELTS FLD,WA,47.683,-117.317,296.9393836,59.94155251,0.348470319
723096,NEW RIVER MCAF,NC,34.7,-77.383,351.0964612,80.40947489,0.349416344
722170,MACON MIDDLE GA REGIONAL AP,GA,32.683,-83.65,358.343379,72.46335616,0.353282463
722066,MAYPORT NS,FL,30.4,-81.417,366.1041096,85.22340183,0.353559973
726079,ROCKLAND/KNOX(AWOS),ME,44.067,-69.1,313.1614155,52.34954338,0.353584059
723870,MERCURY DESERT ROCK AP [SURFRAD],NV,36.63,-116.02,343.8356164,53.20159817,0.354948405
722906,SAN DIEGO NORTH ISLAND NAS,CA,32.7,-117.2,358.2811644,79.07146119,0.355983341
723183,BRISTOL TRI CITY AIRPORT,TN,36.467,-82.4,344.4609589,83.10091324,0.357169558
726589,ALBERT LEA (AWOS),MN,43.683,-93.367,314.8385845,62.46484018,0.357244878
725360,TOLEDO EXPRESS AIRPORT,OH,41.583,-83.8,323.8449772,67.16575342,0.357389038
726564,RED WING,MN,44.583,-92.483,310.8934932,62.10159817,0.359111537
722689,CLOVIS MUNI  (AWOS),NM,34.433,-103.083,352.073516,54.47134703,0.359199697
726467,RICE LAKE MUNICIPAL,WI,45.483,-91.717,306.8973744,60.40730594,0.360040134
724463,KANSAS CITY DOWNTOWN AP,MO,39.117,-94.6,334.0288813,62.54714612,0.360651034
723658,FARMINGTON FOUR CORNERS REGL,NM,36.75,-108.233,343.3767123,43.42454338,0.363102343
724458,JEFFERSON CITY MEM,MO,38.583,-92.15,336.1751142,63.85262557,0.36322706
727130,PRESQUE ISLE MUNICIP,ME,46.683,-68.05,301.49121,55.04360731,0.364747913
722119,LAKELAND LINDER RGN,FL,27.983,-82.017,373.798516,93.37956621,0.364827807
722050,ORLANDO INTL ARPT,FL,28.433,-81.333,372.4044521,90.27579909,0.366066649
727576,GRAND FORKS INTERNATIONAL AP,ND,47.95,-97.183,295.709589,59.96803653,0.36681016
725524,ORD/SHARP FIELD,NE,41.617,-98.95,323.7020548,57.79474886,0.368448135
724660,COLORADO SPRINGS MUNI AP,CO,38.817,-104.717,335.2415525,69.16621005,0.369522444
725490,FORT DODGE (AWOS),IA,42.55,-94.183,319.7363014,63.77089041,0.370166161
722135,ALMA BACON COUNTY AP,GA,31.533,-82.5,362.3138128,72.95262557,0.371590935
724066,HAGERSTOWN RGNL RIC,MD,39.7,-77.733,331.6650685,68.56906393,0.372179204
723235,MUSCLE SHOALS REGIONAL AP,AL,34.75,-87.6,350.908105,71.72385845,0.372205356
726626,ANTIGO\LANG(AWOS),WI,45.15,-87.15,308.3807078,57.86050228,0.373737679
723240,CHATTANOOGA LOVELL FIELD AP,TN,35.033,-85.2,349.8613014,80.54942922,0.374965694
725626,IMPERIAL FAA AP,NE,40.517,-101.617,328.3069635,50.52374429,0.375237905
725610,SIDNEY MUNICIPAL AP,NE,41.1,-102.983,325.8770548,54.57614155,0.376493576
724250,HUNTINGTON TRI-STATE ARPT,WV,38.383,-82.55,336.9719178,68.70148402,0.378692028
724456,VICHY ROLLA NATL ARPT,MO,38.133,-91.767,337.9675799,63.84086758,0.381022158
723110,ATHENS BEN EPPS AP,GA,33.95,-83.333,353.8283105,69.95353881,0.381988988
722517,ALICE INTL AP,TX,27.733,-98.033,374.5621005,76.07454338,0.383504373
725975,SEXTON SUMMIT,OR,42.6,-123.367,319.5245434,48.78687215,0.386730636
726685,MOBRIDGE,SD,45.533,-100.433,306.6754566,55.45856164,0.390002083
722630,SAN ANGELO MATHIS FIELD,TX,31.35,-100.5,362.935274,59.90205479,0.393304988
726160,BERLIN MUNICIPAL,NH,44.583,-71.183,310.8921233,60.32111872,0.394191755
722065,JACKSONVILLE NAS,FL,30.233,-81.667,366.6558219,84.43276256,0.394251213
725375,DETROIT CITY AIRPORT,MI,42.4,-83,320.3808219,66.40011416,0.395449192
725287,NIAGARA FALLS AF,NY,43.1,-78.95,317.3663242,72.12728311,0.396528502
744864,REPUBLIC,NY,40.717,-73.417,327.473516,65.24486301,0.396775172
727926,TOLEDO-WINLOCK MEM,WA,46.483,-122.8,302.4006849,59.75525114,0.397560617
722445,COLLEGE STATION EASTERWOOD FL,TX,30.583,-96.367,365.5019406,71.79554795,0.399250758
722166,VALDOSTA WB AIRPORT,GA,30.783,-83.283,364.836758,82.68047945,0.400369631
726985,PORTLAND/TROUTDALE,OR,45.55,-122.4,306.5989726,59.93995434,0.402778242
725390,LANSING CAPITAL CITY ARPT,MI,42.783,-84.583,318.7297945,71.58664384,0.403564406
725635,ALLIANCE MUNICIPAL,NE,42.05,-102.8,321.8710046,48.61757991,0.404235147
725450,CEDAR RAPIDS MUNICIPAL AP,IA,41.883,-91.717,322.5775114,64.46358447,0.404692333
724390,SPRINGFIELD CAPITAL AP,IL,39.85,-89.683,331.0498858,64.54543379,0.405028103
722880,BURBANK-GLENDALE-PASSADENA AP,CA,34.2,-118.35,352.9267123,59.04063927,0.406727365
722190,ATLANTA HARTSFIELD INTL AP,GA,33.633,-84.433,354.9730594,81.07671233,0.407448818
724243,LONDON-CORBIN AP,KY,37.083,-84.083,342.0836758,70.31883562,0.407711742
723565,BARTLESVILLE/PHILLI,OK,36.767,-96.017,343.3098174,62.91746575,0.408627408
723520,ALTUS AFB,OK,34.65,-99.267,351.2796804,73.34885845,0.410773216
723260,KNOXVILLE MCGHEE TYSON AP,TN,35.817,-83.983,346.9309361,82.85114155,0.41175937
725065,NEW BEDFORD RGNL,MA,41.667,-70.95,323.4920091,63.30799087,0.41210893
724350,PADUCAH BARKLEY REGIONAL AP,KY,37.05,-88.767,342.2124429,67.18481735,0.413425396
726430,LA CROSSE MUNICIPAL ARPT,WI,43.867,-91.25,314.0384703,61.92191781,0.414436353
722868,PALM SPRINGS INTL,CA,33.833,-116.5,354.2582192,54.24497717,0.41743696
722590,DALLAS-FORT WORTH INTL AP,TX,32.9,-97.017,357.5784247,78.42945205,0.418299779
724518,HAYS MUNI (AWOS),KS,38.85,-99.267,335.1075342,57.50513699,0.418694245
725124,BUTLER CO. (AWOS),PA,40.783,-79.95,327.197032,65.04315068,0.419180314
727470,INTERNATIONAL FALLS INTL AP,MN,48.567,-93.4,292.8657534,57.04121005,0.419366782
725095,WORCHESTER REGIONAL ARPT,MA,42.267,-71.883,320.9461187,61.08892694,0.420448264
724676,ASPEN PITKIN CO SAR,CO,39.217,-106.867,333.6303653,63.77420091,0.421711769
727750,GREAT FALLS INTL ARPT,MT,47.467,-111.383,297.9238584,49.4489726,0.422184865
722583,DALLAS LOVE FIELD,TX,32.85,-96.85,357.7562785,77.5466895,0.424514208
725455,BURLINGTON MUNICIPAL AP,IA,40.783,-91.117,327.2030822,64.18447489,0.43413347
726088,BANGOR INTERNATIONAL AP,ME,44.8,-68.817,309.9305936,56.95091324,0.43552978
727928,BREMERTON NATIONAL,WA,47.483,-122.75,297.8550228,58.20079909,0.437851601
722420,GALVESTON/SCHOLES,TX,29.3,-94.8,369.6791096,66.71495434,0.440371286
725245,BURKE LAKEFRONT,OH,41.517,-81.683,324.1252283,69.56803653,0.442473256
722748,CASA GRANDA (AWOS),AZ,32.95,-111.767,357.4013699,41.9347032,0.443013797
724550,FORT RILEY MARSHALL AAF,KS,39.05,-96.767,334.2981735,68.54121005,0.446359349
727770,HAVRE CITY-COUNTY AP,MT,48.55,-109.767,292.9462329,48.51392694,0.447285452
722610,DEL RIO [UT],TX,29.38,-100.91,369.4226027,64.5402968,0.450420288
725625,MCCOOK MUNICIPAL,NE,40.2,-100.583,329.6142694,54.69577626,0.451755147
726588,WINONA MUNI (AWOS),MN,44.083,-91.7,313.0892694,63.57796804,0.452129606
722533,HONDO MUNICIPAL AP,TX,29.367,-99.167,369.4584475,69.95833333,0.452252381
724457,FT LNRD WD AAF,MO,37.75,-92.15,339.4828767,79.96552511,0.45521137
723347,DYERSBURG MUNICIPAL AP,TN,36.017,-89.4,346.1712329,65.63116438,0.45680366
723030,FAYETTEVILLE POPE AFB,NC,35.167,-79.017,349.3692922,83.23515982,0.457823503
724586,SALINA MUNICIPAL AP,KS,38.817,-97.667,335.2372146,60.06107306,0.458337493
724735,HANKSVILLE,UT,38.367,-110.717,337.0399543,77.18789954,0.458419074
724957,SANTA ROSA (AWOS),CA,38.517,-122.817,336.4434932,58.24748858,0.45988007
724176,MORGANTOWN HART FIELD,WV,39.65,-79.917,331.8673516,74.37568493,0.4599431
725785,IDAHO FALLS FANNING FIELD,ID,43.517,-112.067,315.5644977,59.1847032,0.460006038
724625,DURANGO/LA PLATA CO,CO,37.15,-107.75,341.8280822,43.39623288,0.461397892
722358,MCCOMB PIKE COUNTY AP,MS,31.233,-90.467,363.3252283,77.20239726,0.461997716
724699,BROOMFIELD/JEFFCO [BOULDER - SURFRAD],CO,40.13,-105.24,329.9021689,78.60618863,0.463724856
722226,WHITING FIELD NAAS,FL,30.717,-87.017,365.0568493,86.20490868,0.464145804
725063,NANTUCKET MEMORIAL AP,MA,41.25,-70.067,325.2479452,60.37579909,0.464146285
722404,LAKE CHARLES WB AIRP,LA,30.217,-93.167,366.7068493,77.2793379,0.465084363
723125,ANDERSON COUNTY AP,SC,34.5,-82.717,351.8262557,67.66643836,0.467606848
722315,NEW ORLEANS LAKEFRONT AP,LA,30.05,-90.033,367.2561644,73.92420091,0.467822056
727444,TWO HARBORS,MN,47.05,-91.75,299.8255708,56.5216895,0.47170899
724776,MOAB/CANYONLANDS [UO],UT,38.58,-109.54,336.1873288,46.11118721,0.4733009
725396,BATTLE CREEK KELLOGG AP,MI,42.3,-85.25,320.8076484,64.68835616,0.473815993
726568,OWATONNA (AWOS),MN,44.117,-93.25,312.9444064,63.16563927,0.475425155
723676,TUCUMCARI FAA AP,NM,35.183,-103.6,349.3033105,58.52956621,0.477643071
726387,TRAVERSE CITY CHERRY CAPITAL,MI,44.733,-85.583,310.2281963,66.96586758,0.47924628
724555,MANHATTAN RGNL,KS,39.133,-96.667,333.963242,60.7533105,0.481381414
722137,BRUNSWICK MALCOLM MCKINNON AP,GA,31.15,-81.383,363.6079909,72.10308219,0.483386517
744915,WESTFIELD BARNES MUNI AP,MA,42.15,-72.717,321.4407534,65.78173516,0.488340635
722245,PANAMA CITY BAY CO,FL,30.2,-85.683,366.7638128,80.30639269,0.490228521
722700,EL PASO INTERNATIONAL AP [UT],TX,31.77,-106.5,361.5050228,78.4390411,0.490509553
723080,NORFOLK INTERNATIONAL AP,VA,36.9,-76.2,342.7885845,74.98972603,0.490733284
722599,DALLAS/REDBIRD ARPT,TX,32.683,-96.867,358.3431507,65.06187215,0.492740206
723140,CHARLOTTE DOUGLAS INTL ARPT,NC,35.217,-80.95,349.1775114,80.03310502,0.493556837
727924,KELSO WB AP,WA,46.133,-122.9,303.9773973,61.65696347,0.493848226
724088,DOVER AFB,DE,39.133,-75.467,333.9680365,77.02100457,0.494881187
723560,TULSA INTERNATIONAL AIRPORT,OK,36.2,-95.883,345.4784247,73.45079909,0.496359388
724475,OLATHE JOHNSON CO INDUSTRIAL,KS,38.833,-94.883,335.1756849,60.94155251,0.496760175
723650,ALBUQUERQUE INTL ARPT [ISIS],NM,35.04,-106.62,349.8321918,77.80696347,0.499287914
725033,NEW YORK CENTRAL PRK OBS BELV,NY,40.783,-73.967,327.2019406,67.89760274,0.500164687
724230,LOUISVILLE STANDIFORD FIELD,KY,38.183,-85.733,337.7692922,76.9,0.500323204
725235,JAMESTOWN (AWOS),NY,42.15,-79.267,321.4439498,74.60821918,0.505208548
725315,UNIV OF ILLINOIS WI [BONDVILLE - SURFRAD],IL,40.06,-88.37,330.188242,67.04965753,0.506258989
723575,LAWTON MUNICIPAL,OK,34.567,-98.417,351.5821918,59.83664384,0.506268289
726945,CORVALLIS MUNI,OR,44.483,-123.283,311.3319635,58.63538813,0.507811113
724926,MODESTO CITY-COUNTY AP,CA,37.633,-120.95,339.9406393,58.2619863,0.508242462
723069,JACKSONVILLE (AWOS),NC,34.833,-77.617,350.6033105,67.78915525,0.508663502
745090,MOUNTAIN VIEW MOFFETT FLD NAS,CA,37.4,-122.05,340.8555936,60.09121005,0.508770404
723927,OXNARD AIRPORT,CA,34.2,-119.2,352.9259132,61.206621,0.508865092
727573,DEVILS LAKE(AWOS),ND,48.117,-98.917,294.9409817,56.42910959,0.510212189
726886,BAKER MUNICIPAL AP,OR,44.833,-117.817,309.7914384,50.75844749,0.511856421
725484,LE MARS,IA,42.783,-96.2,318.7396119,61.5739726,0.512349432
726384,CADILLAC WEXFORD CO AP,MI,44.283,-85.417,312.2178082,61.26552511,0.512526054
722930,SAN DIEGO MIRAMAR NAS,CA,32.867,-117.133,357.6960046,71.35684932,0.512630051
727455,HIBBING CHISHOLM-HIBBING AP,MN,47.383,-92.85,298.3082192,57.26518265,0.513980376
725453,ATLANTIC,IA,41.4,-95.05,324.616895,63.73812785,0.51423804
724338,BELLEVILLE SCOTT AFB,IL,38.55,-89.85,336.3114155,76.77408676,0.514959491
722348,HATTIESBURG LAUREL,MS,31.467,-89.333,362.5355023,71.50627854,0.515873412
724339,MARION REGIONAL,IL,37.75,-89.017,339.4778539,67.85422374,0.516814921
725127,JOHNSTOWN CAMBRIA COUNTY AP,PA,40.317,-78.833,329.1342466,66.78401826,0.516978086
726410,MADISON DANE CO REGIONAL ARPT [ISIS],WI,43.13,-89.33,317.238242,65.50011416,0.520287067
722687,CARLSBAD CAVERN CITY AIR TERM,NM,32.333,-104.267,359.5578767,53.95079909,0.521704233
722789,SCOTTSDALE MUNI,AZ,33.617,-111.917,355.0300228,50.42191781,0.521832194
724050,WASHINGTON DC REAGAN AP,VA,38.867,-77.033,335.0378995,80.30890411,0.523813474
727796,CUT BANK MUNI AP,MT,48.6,-112.367,292.7173516,49.31392694,0.524784506
722060,JACKSONVILLE INTL ARPT,FL,30.5,-81.7,365.7740868,87.00707763,0.525476801
727453,PARK RAPIDS MUNICIPAL AP,MN,46.9,-95.067,300.509589,57.05936073,0.525645069
727120,CARIBOU MUNICIPAL ARPT,ME,46.867,-68.033,300.6589041,55.69817352,0.526230345
726357,KALAMAZOO BATTLE CR,MI,42.233,-85.55,321.0886986,72.09315068,0.527117402
727790,KALISPELL GLACIER PK INT'L AR,MT,48.317,-114.25,294.0172374,55.04349315,0.527403646
722436,HOUSTON ELLINGTON AFB [CLEAR LAKE - UT],TX,29.57,-95.09,368.8097032,92.15079909,0.531349622
725210,AKRON AKRON-CANTON REG AP,OH,40.917,-81.433,326.6437215,75.64680365,0.531690118
726880,PENDLETON E OR REGIONAL AP,OR,45.7,-118.833,305.9284247,50.33789954,0.532746953
725040,BRIDGEPORT SIKORSKY MEMORIAL,CT,41.183,-73.15,325.5307078,64.26643836,0.534006129
722136,BRUNSWICK GOLDEN IS,GA,31.25,-81.467,363.271347,71.82260274,0.534244886
725205,PITTSBURGH ALLEGHENY CO AP,PA,40.35,-79.917,328.9940639,69.15262557,0.534977945
725847,SOUTH LAKE TAHOE,CA,38.9,-120,334.9092466,45.92773973,0.537518792
724917,SALINAS MUNICIPAL AP,CA,36.667,-121.6,343.689726,58.25159817,0.537553238
724386,LAFAYETTE PURDUE UNIV AP,IN,40.417,-86.933,328.7194064,66.66723744,0.537867034
724768,GREELEY/WELD (AWOS),CO,40.433,-104.633,328.6533105,49.22591324,0.538328316
726603,SOUTH ST PAUL MUNI,MN,44.85,-93.15,309.7119863,60.47374429,0.538491271
722977,SANTA ANA JOHN WAYNE AP,CA,33.683,-117.867,354.7973744,79.28344749,0.538847773
722180,AUGUSTA BUSH FIELD,GA,33.367,-81.967,355.9256849,72.57614155,0.539664201
722594,FORT WORTH ALLIANCE,TX,32.983,-97.317,357.2857306,73.89246575,0.540288845
724096,MCGUIRE AFB,NJ,40.017,-74.6,330.3664384,75.83607306,0.540758607
723510,WICHITA FALLS MUNICIPAL ARPT,TX,33.983,-98.5,353.7142694,74.39360731,0.541719648
723086,NEWPORT NEWS,VA,37.133,-76.5,341.8934932,67.34908676,0.54268448
723600,CLAYTON MUNICIPAL AIRPARK,NM,36.45,-103.15,344.5239726,52.51335616,0.543686021
725945,ARCATA AIRPORT,CA,40.983,-124.1,326.3690639,57.02283105,0.543745018
722405,LAFAYETTE REGIONAL AP,LA,30.2,-91.983,366.766895,76.76426941,0.544127254
726456,WITTMAN RGNL,WI,43.983,-88.55,313.5308219,59.6543379,0.544190976
722956,JACK NORTHROP FLD H,CA,33.917,-118.333,353.9490868,68.55057078,0.546385199
723046,DARE CO RGNL,NC,35.917,-75.7,346.556621,63.61894977,0.54652205
726545,MITCHELL (AWOS),SD,43.767,-98.033,314.4773973,58.07454338,0.546646823
726558,CLOQUET (AWOS),MN,46.7,-92.5,301.4158676,58.43938356,0.549003461
722056,DAYTONA BEACH INTL AP,FL,29.183,-81.067,370.0505708,84.49863014,0.555530998
726130,MOUNT WASHINGTON,NH,44.267,-71.3,312.2824201,62.4760274,0.555696724
726510,SIOUX FALLS FOSS FIELD,SD,43.583,-96.75,315.272032,65.41563927,0.556311189
723405,LITTLE ROCK AFB,AR,34.917,-92.15,350.2949772,76.95776256,0.557030086
722725,DEMING MUNI,NM,32.25,-107.717,359.8538813,47.70251142,0.559990766
726450,GREEN BAY AUSTIN STRAUBEL INT,WI,44.483,-88.133,311.3305936,59.51643836,0.560856311
723545,STILLWATER RGNL,OK,36.15,-97.083,345.6694064,63.15034247,0.561547432
724040,PATUXENT RIVER NAS,MD,38.3,-76.417,337.3058219,75.54189498,0.561618975
725440,MOLINE QUAD CITY INTL AP,IL,41.467,-90.517,324.3327626,65.1739726,0.561790011
724210,CINCINNATI NORTHERN KY AP,KY,39.05,-84.667,334.301484,73.70228311,0.562485416
724765,MONTROSE CO. ARPT,CO,38.5,-107.9,336.5071918,52.40673516,0.562939548
724235,LOUISVILLE BOWMAN FIELD,KY,38.233,-85.667,337.571347,70.19292237,0.563875281
726813,CALDWELL (AWOS),ID,43.633,-116.633,315.0585616,46.19748858,0.56513056
726986,PORTLAND/HILLSBORO,OR,45.533,-122.95,306.6719178,60.21381279,0.566257392
725395,JACKSON REYNOLDS FIELD,MI,42.267,-84.467,320.947032,65.33139269,0.56727273
745966,CAPE MAY CO,NJ,39,-74.917,334.5026256,64.90684932,0.567720221
726555,BRAINERD/WIELAND,MN,46.4,-94.133,302.7783105,58.11369863,0.568367211
725330,FORT WAYNE INTL AP,IN,41,-85.2,326.2920091,74.52785388,0.568881665
725115,MIDDLETOWN HARRISBURG INTL AP,PA,40.2,-76.767,329.6128995,68.46221461,0.568926002
725480,WATERLOO MUNICIPAL AP,IA,42.55,-92.4,319.7356164,63.7076484,0.571296066
724236,JACKSON JULIAN CARROLL AP,KY,37.583,-83.317,340.1323059,69.17214612,0.572524549
725488,OELWEN,IA,42.683,-91.967,319.1665525,64.16541096,0.572719994
747187,PALM SPRINGS THERMAL AP,CA,33.633,-116.167,354.9739726,47.80719178,0.576024301
726073,WATERVILLE (AWOS),ME,44.533,-69.683,311.1065068,53.17534247,0.576034405
725073,PROVINCETOWN (AWOS),MA,42.067,-70.217,321.7986301,64.85216895,0.577667794
726546,WATERTOWN MUNICIPAL AP,SD,44.933,-97.15,309.3452055,56.38196347,0.578010668
727676,MINOT FAA AP,ND,48.267,-101.283,294.2474886,55.99589041,0.57810104
726404,MINOCQUA/WOODRUFF,WI,45.933,-89.733,304.8789954,58.02260274,0.578541919
722350,JACKSON INTERNATIONAL AP,MS,32.317,-90.083,359.6184932,76.30844749,0.579207144
726515,BROOKINGS (AWOS),SD,44.3,-96.817,312.1390411,58.70148402,0.579951676
723530,OKLAHOMA CITY WILL ROGERS WOR,OK,35.383,-97.6,348.5651826,72.52385845,0.580296428
722285,GADSEN MUNI (AWOS),AL,33.967,-86.083,353.7694064,72.65856164,0.581189913
722735,DOUGLAS BISBEE-DOUGLAS INTL A,AZ,31.467,-109.6,362.538242,44.82910959,0.581792827
724517,GREAT BEND (AWOS),KS,38.35,-98.867,337.1106164,59.28573059,0.582418055
723810,EDWARDS AFB,CA,34.9,-117.867,350.3634703,59.67100457,0.582884818
723860,LAS VEGAS MCCARRAN INTL AP,NV,36.083,-115.15,345.9228311,67.71757991,0.584568998
723230,HUNTSVILLE INTL/JONES FIELD,AL,34.65,-86.783,351.2807078,79.8859589,0.584938133
723416,STUTTGART (AWOS),AR,34.6,-91.567,351.4635845,68.28995434,0.5858698
724815,MERCED/MACREADY FLD,CA,37.283,-120.517,341.3090183,59.96678082,0.58871308
723417,PINE BLUFF FAA AP,AR,34.167,-91.933,353.0461187,67.37134703,0.590022779
724105,STAUNTON/SHENANDOAH,VA,38.267,-78.9,337.4349315,66.71586758,0.590695414
726499,ESTHERVILLE MUNI,IA,43.4,-94.75,316.0722603,60.33527397,0.591131465
726400,MILWAUKEE MITCHELL INTL AP,WI,42.95,-87.9,318.0194064,73.66050228,0.597109266
727530,FARGO HECTOR INTERNATIONAL AP,ND,46.933,-96.817,300.3605023,55.99828767,0.598407299
727910,ASTORIA REGIONAL AIRPORT,OR,46.15,-123.883,303.9027397,58.59041096,0.600888219
722570,FORT HOOD,TX,31.133,-97.717,363.6666667,80.24269406,0.601290572
723150,ASHEVILLE REGIONAL ARPT,NC,35.433,-82.533,348.3726027,71.55445205,0.602117599
725846,TRUCKEE-TAHOE,CA,39.317,-120.133,333.2221461,65.27899543,0.602338859
724580,CONCORDIA BLOSSER MUNI AP,KS,39.55,-97.65,332.2761416,59.82100457,0.604378864
727474,EVELETH MUNI (AWOS),MN,47.4,-92.5,298.2288813,57.39589041,0.604723201
726550,ST CLOUD REGIONAL ARPT,MN,45.55,-94.05,306.5898402,59.96164384,0.605073953
722040,MELBOURNE REGIONAL AP,FL,28.117,-80.65,373.3889269,83.64326484,0.605134452
726196,MILLINOCKET MUNICIPAL AP,ME,45.65,-68.683,306.1506849,55.74349315,0.60633221
723403,LITTLE ROCK ADAMS FIELD,AR,34.75,-92.233,350.9130137,78.29920091,0.606531338
725565,COLUMBUS MUNI,NE,41.45,-97.333,324.4044521,62.81792237,0.6071561
724273,PARKERSBURG WOOD COUNTY AP,WV,39.35,-81.433,333.0869863,71.30376712,0.609913159
725525,HASTINGS MUNICIPAL,NE,40.6,-98.433,327.9599315,59.09805936,0.609961713
745980,LANGLEY AFB,VA,37.083,-76.35,342.0849315,79.36757991,0.610967238
722683,SIERRA BLANCA RGNL,NM,33.467,-105.533,355.5675799,48.91004566,0.611053205
722345,MERIDIAN NAAS,MS,32.55,-88.567,358.806621,83.1510274,0.612689801
725029,OXFORD (AWOS),CT,41.483,-73.133,324.2638128,66.37796804,0.612799734
727504,AITKIN NDB(AWOS),MN,46.55,-93.683,302.1019406,59.25011416,0.613794129
724373,TERRE HAUTE HULMAN REGIONAL A,IN,39.45,-87.3,332.6811644,66.79920091,0.614437667
724760,GRAND JUNCTION WALKER FIELD,CO,39.133,-108.533,333.9679224,56.37226027,0.615108068
725197,UTICA ONEIDA COUNTY AP,NY,43.15,-75.383,317.156621,62.41792237,0.615877646
724290,DAYTON INTERNATIONAL AIRPORT,OH,39.9,-84.217,330.8504566,69.79965753,0.617068571
725130,WILKES-BARRE SCRANTON INTL AP,PA,41.333,-75.733,324.9005708,69.41484018,0.617071607
722390,FORT POLK AAF,LA,31.05,-93.183,363.9441781,84.47431507,0.620394418
723540,OKLAHOMA CITY TINKER AFB,OK,35.417,-97.383,348.4380137,76.0489726,0.623971456
727476,BAUDETTE INTERNATIONAL AP,MN,48.717,-94.6,292.1679224,56.23093607,0.624168421
723445,FAYETTEVILLE DRAKE FIELD,AR,36,-94.167,346.2392694,64.86210046,0.626075149
722927,CARLSBAD/PALOMAR,CA,33.133,-117.283,356.7593607,65.73321918,0.626734509
725660,SCOTTSBLUFF W B HEILIG FIELD,NE,41.867,-103.6,322.6487443,51.57020548,0.630912207
724084,BELMAR ASC,NJ,40.183,-74.067,329.6873288,66.25079909,0.63121653
725780,POCATELLO REGIONAL AP,ID,42.917,-112.567,318.1555936,59.54954338,0.631370297
722526,COTULLA FAA AP,TX,28.45,-99.217,372.353653,71.51369863,0.634975069
724010,RICHMOND INTERNATIONAL AP,VA,37.517,-77.317,340.3986301,79.21940639,0.635348752
723346,JACKSON MCKELLAR-SIPES REGL A,TN,35.6,-88.917,347.7458904,68.62363014,0.636000477
726567,NEW ULM MUNI (AWOS),MN,44.317,-94.5,312.061758,61.57945205,0.637553845
726904,ROSEBURG REGIONAL AP,OR,43.233,-123.35,316.7961187,55.80593607,0.63819987
726498,FAIR FIELD,IA,41.05,-91.983,326.0849315,65.28915525,0.63840007
724830,SACRAMENTO EXECUTIVE ARPT,CA,38.5,-121.5,336.5084475,57.00810502,0.645557923
722710,TRUTH OR CONSEQUENCES MUNI AP,NM,33.233,-107.267,356.4045662,45.55684932,0.646108522
726959,AURORA STATE,OR,45.25,-122.767,307.9321918,58.45559361,0.646933295
723145,HICKORY REGIONAL AP,NC,35.733,-81.383,347.2476027,67.66575342,0.648490382
727923,HOQUIAM AP,WA,46.983,-123.933,300.1347032,56.36130137,0.651228169
699604,YUMA MCAS,AZ,32.65,-114.617,358.4577626,67.49098174,0.651688529
723566,MCALESTER MUNICIPAL AP,OK,34.9,-95.783,350.3573059,62.94360731,0.653491687
727686,WOLF POINT INTL [FORT PECK - SURFRAD],MT,48.31,-105.1,294.0510274,50.1890411,0.654686893
725830,WINNEMUCCA MUNICIPAL ARPT,NV,40.9,-117.8,326.7140411,50.65376712,0.655239262
742070,GRAY AAF,WA,47.083,-122.583,299.6760274,68.88789954,0.657739975
724354,SOMERSET(AWOS),KY,38,-84.6,338.4949772,71.25490868,0.657759266
722175,WARNER ROBINS AFB,GA,32.633,-83.6,358.5205479,84.54429224,0.657780987
